﻿<?xml version="1.0" encoding="utf-8" ?>
<Advertisements>
  <Ad>
    <ImageUrl>http://localhost:51631\Pictuers\1200px-Good_Food_Display_-_NCI_Visuals_Online.jpg</ImageUrl>
    <AlternateText>Error</AlternateText>
  </Ad>
  <Ad>
    <ImageUrl>http://localhost:51631\Pictures\burger.jpg</ImageUrl>
    <AlternateText>Error</AlternateText>
  </Ad>
  <Ad>
    <ImageUrl>http://localhost:51631\Pictures\Food1.jpg</ImageUrl>
    <AlternateText>Error</AlternateText>
  </Ad>
  <Ad>
    <ImageUrl>http://localhost:51631\Pictures\Foods.jpg</ImageUrl>
    <AlternateText>Error</AlternateText>
  </Ad>
  <Ad>
    <ImageUrl>http://localhost:51631\Pictures\p04tx3m6.jpg</ImageUrl>
    <AlternateText>Error</AlternateText>
  </Ad>
  <Ad>
    <ImageUrl>http://localhost:51631\Pictures\burger.jpg</ImageUrl>
  </Ad>
  <!--<Ad>
    <ImageUrl></ImageUrl>
  </Ad>
  <Ad>
    <ImageUrl></ImageUrl>
  </Ad>-->
</Advertisements>